#"Step","Potential Energy (kJ/mole)","Temperature (K)","Density (g/mL)"
1,-158.1529167114395,0.0021721644664026503,1.1471608411889715
