#"Step","Potential Energy (kJ/mole)","Temperature (K)","Density (g/mL)"
1,23420.966746997932,0.004045921925451426,1.2071984918860008
