,COD ID,RMSD,method,Original Energy,Minimized Energy (OpenMM),Minimized Energy (Cell Minimization),Original Box Vectors,Minimized Box Vectors,Original Box parameters,Minimized Box parameter,Box parameter - Last five gradient,Gradient A,Gradient B,Gradient C,Gradient alpha,Gradient beta,Gradient gamma,Atom position - Last five gradient,Gradient reduced positions (x0),Gradient reduced positions (y0),Gradient reduced positions (z0),Gradient reduced positions (x100),Gradient reduced positions (y100),Gradient reduced positions (z100),Gradient reduced positions (x200),Gradient reduced positions (y200),Gradient reduced positions (z200)
0,2100147,[1.4865305],trust-constr,-58297.30790797308 kJ/mol,-65596.94853297308 kJ/mol,-146727.0045110034 kJ/mol,"[[ 3.9723      0.          0.        ]
 [ 0.          4.0608      0.        ]
 [-1.45065435  0.          4.51014448]]","[[ 4.14455951e+00  0.00000000e+00  0.00000000e+00]
 [ 3.12674213e-03  4.09596269e+00  0.00000000e+00]
 [-1.49210638e+00 -1.22726169e-02  4.73185885e+00]]",[  3.9723   4.0608   4.7377  90.     107.83    90.    ],"[4.144559508402003, 4.095963882561199, 4.961554215154664, 90.15487719137683, 107.50167403667083, 89.95626203010136]", ,"[485.4208917050852, -1870.6515618541653, -1399.4845263771056, -928.3332566382796]","[-462.5038401588161, 14.187457575974248, 14.18746112924252, -462.5058910824477]","[-775.4694148884878, 1192.3365315791368, 1585.8795919089202, -1169.1210402036359]","[173.21736393863384, 216.5449626521087, 216.5449626521087, 108.22504946985275]","[533.977220126528, 788.3368792528248, 788.3368793881893, 406.7990930584452]","[347.3891049254318, 521.0838361560159, 521.0838361560159, 412.5249549118757]", ,"[-182.0568269973535, -182.08916643458025, -216.87255435345304, -216.8342278170684]","[-84.17981594835186, -84.16722916720181, -82.52601688238467, -82.53865187959335]","[549.0107998365881, 549.164745083892, 596.7577039791438, 596.5922219803656]","[-41.74015340981752, -41.74755155777985, -46.59729665851154, -46.58906244132774]","[35.85758414250009, 35.85245348988095, 37.29658265583076, 37.301967684986664]","[18.308274256766648, 18.313247847613304, 19.538726377045602, 19.533455430022663]","[212.50618347105757, 212.54387340338585, 172.642894119692, 172.61237197608494]","[-456.42952592453184, -456.3636090384576, -434.03881421717773, -434.10239406011686]","[-481.07417584481493, -481.20664517910143, -474.2452793649725, -474.1163717450466]"
