#"Step","Potential Energy (kJ/mole)","Temperature (K)","Density (g/mL)"
1,4742.097803155273,0.0036262883631357603,1.1471608411889715
2,4742.054527751519,0.008572548060134662,1.1471608411889715
