,COD ID,RMSD,Original Energy,Minimized Energy (OpenMM),Minimized Energy (Cell Minimization),Original Box Vectors,Minimized Box Vectors,Original Box parameters,Minimized Box parameter
0,2100147,[1.086277],-20825.45895990279 kJ/mol,-23428.853414362624 kJ/mol,-40234.511036083546 kJ/mol,"[[ 2.8375      0.          0.        ]
 [ 0.          2.538       0.        ]
 [-1.16047449  0.          3.60796327]]","[[ 2.85330790e+00  0.00000000e+00  0.00000000e+00]
 [ 9.06339818e-04  2.69946631e+00  0.00000000e+00]
 [-1.21177644e+00  3.30351146e-04  3.76562215e+00]]",[  2.8375   2.538    3.79    90.     107.83    90.    ],"[2.8533079046907583, 2.6994664637315284, 3.9557947923908396, 90.00110802833937, 107.83816465644095, 89.98076307002849]"
